title,genres,averageRating,numVotes,releaseYear
Breaking Bad,"Crime, Drama, Thriller","9,5",2330467,2008
Band of Brothers,"Action, Drama, History","9,4",561747,2001
Planet Earth,"Documentary, Family","9,4",227362,2006
Planet Earth II,Documentary,"9,4",166469,2016
Tree of Life,Drama,"9,4",18437,2014
Chernobyl,"Drama, History, Thriller","9,3",949325,2019
Avatar: The Last Airbender,"Action, Adventure, Animation","9,3",406025,2005
The Wire,"Crime, Drama, Thriller","9,3",403109,2002
Sapne Vs Everyone,Drama,"9,3",73529,2023
Blue Planet II,Documentary,"9,3",51768,2017
Cosmos,Documentary,"9,3",47881,1980
Bluey,"Animation, Family","9,3",38445,2018
BB Ki Vines,Comedy,"9,3",11591,2015
Game of Thrones,"Action, Adventure, Drama","9,2",2433201,2011
The Sopranos,"Crime, Drama","9,2",524414,1999
Aspirants,Drama,"9,2",315598,2021
Scam 1992: The Harshad Mehta Story,"Biography, Crime, Drama","9,2",164745,2020
Scam 1992,Thriller,"9,2",161646,2020
Cosmos: A Spacetime Odyssey,Documentary,"9,2",134100,2014
Our Planet,Documentary,"9,2",56741,2019
The Chosen,"Drama, History","9,2",51960,2017
The World at War,"Documentary, History, War","9,2",33025,1973
Çilgin Dersane at the University,Comedy,"9,2",18462,2014
When Life Gives You Tangerines,"Drama, History, Romance","9,2",17514,2025
Rick and Morty,"Adventure, Animation, Comedy","9,1",649624,2013
Attack on Titan,"Action, Adventure, Animation","9,1",609788,2013
Fullmetal Alchemist: Brotherhood,"Action, Adventure, Animation","9,1",221074,2009
Sandeep Bhaiya,Drama,"9,1",76380,2023
TVF Pitchers,"Comedy, Drama","9,1",75521,2015
The Chosen,"Drama, History","9,1",58055,2017
Life,Documentary,"9,1",45701,2009
The Filthy Frank Show,"Comedy, Short","9,1",33765,2011
The Vietnam War,"Documentary, History, War","9,1",31402,2017
Gullak,"Comedy, Drama, Family","9,1",26377,2019
Halka,"Action, Crime, Drama","9,1",25557,2019
Koombiyo,"Crime, Drama, Thriller","9,1",18341,2017
The Legend of Hanuman,"Action, Adventure, Animation","9,1",13414,2021
Sherlock,"Crime, Drama, Mystery",9,1048119,2010
The Office,Comedy,9,775080,2005
Better Call Saul,"Crime, Drama",9,731190,2015
Arcane,"Action, Adventure, Animation",9,394932,2021
One Piece,"Action, Adventure, Animation",9,297026,1999
The Last Dance,"Biography, Documentary, History",9,166512,2020
Hunter x Hunter,"Action, Adventure, Animation",9,163742,2011
Batman: The Animated Series,"Action, Adventure, Animation",9,127021,1992
Panchayat,"Comedy, Drama",9,102845,2020
The Twilight Zone,"Drama, Fantasy, Horror",9,100547,1959
Leyla and Mecnun,"Adventure, Comedy, Drama",9,99720,2011
Kota Factory,"Comedy, Drama",9,87860,2019
Clarkson's Farm,"Comedy, Documentary, Reality-TV",9,71790,2021
Bleach: Thousand-Year Blood War,"Action, Adventure, Animation",9,61019,2022
Only Fools and Horses,Comedy,9,60703,1981
Persona,"Crime, Drama, Mystery",9,51670,2018
The Blue Planet,Documentary,9,45697,2001
NCR Days,Drama,9,44417,2022
Frozen Planet,Documentary,9,35620,2011
Human Planet,Documentary,9,29892,2011
As If,Comedy,9,29231,2021
Ramayan,"Adventure, Drama, Family",9,25950,1987
Taskmaster,"Comedy, Game-Show",9,24595,2015
The Civil War,"Documentary, History, War",9,21316,1990
Apocalypse: The Second World War,"Documentary, History, War",9,16553,2009
Reply 1988,"Comedy, Drama, Family",9,15780,2015
Critical Role,"Adventure, Fantasy",9,14400,2015
Mahabharat,"Drama, History, War",9,12909,2013
My Mister,"Drama, Family",9,12735,2018
Friends,"Comedy, Romance","8,9",1144174,1994
True Detective,"Crime, Drama, Mystery","8,9",702699,2014
Death Note,"Animation, Crime, Drama","8,9",425013,2006
Seinfeld,Comedy,"8,9",368753,1989
Firefly,"Adventure, Drama, Sci-Fi","8,9",290750,2002
Gravity Falls,"Adventure, Animation, Comedy","8,9",156755,2012
Cowboy Bebop,"Action, Adventure, Animation","8,9",153885,1998
The West Wing,Drama,"8,9",91845,1999
The Pitt,Drama,"8,9",45459,2025
Nathan for You,"Comedy, Documentary","8,9",43560,2013
Frieren: Beyond Journey's End,"Adventure, Animation, Comedy","8,9",41533,2023
The Beatles: Get Back,"Biography, Documentary, Music","8,9",32161,2021
Dekalog,Drama,"8,9",30718,1989
Undercover,"Action, Crime, Drama","8,9",28090,2011
Yeh Meri Family,"Comedy, Drama, Family","8,9",27103,2018
Mahabharat,"Action, Adventure, Drama","8,9",25394,1988
Azize,Drama,"8,9",20762,2019
Black Pearl,Drama,"8,9",19967,2017
Sarabhai V/S Sarabhai,Comedy,"8,9",19280,2004
Africa,Documentary,"8,9",19174,2013
Tash Ma Tash,"Comedy, Drama, Fantasy","8,9",10962,1993
Harga,Drama,"8,9",10038,2021
Fargo,"Crime, Drama, Thriller","8,8",444698,2014
Ted Lasso,"Comedy, Drama, Sport","8,8",400451,2020
Succession,"Comedy, Drama","8,8",317009,2018
It's Always Sunny in Philadelphia,Comedy,"8,8",265929,2005
BoJack Horseman,"Animation, Comedy, Drama","8,8",210155,2014
Dragon Ball Z,"Action, Adventure, Animation","8,8",162352,1996
Freaks and Geeks,"Comedy, Drama","8,8",159808,1999
Curb Your Enthusiasm,Comedy,"8,8",157157,2000
When They See Us,"Biography, Crime, Drama","8,8",148044,2019
Dhindora,"Comedy, Drama","8,8",123814,2021
Fawlty Towers,Comedy,"8,8",105073,1975
Vinland Saga,"Action, Adventure, Animation","8,8",100360,2019
Last Week Tonight with John Oliver,"Comedy, News, Talk-Show","8,8",99936,2014
Pride and Prejudice,"Drama, Romance","8,8",98162,1995
Dragon Ball Z,"Action, Adventure, Animation","8,8",96256,1989
Steins;Gate,"Animation, Comedy, Drama","8,8",82768,2011
Monty Python's Flying Circus,Comedy,"8,8",82471,1969
Chappelle's Show,"Comedy, Music","8,8",76085,2003
Blackadder Goes Forth,"Comedy, War","8,8",60463,1989
Das Boot,"Drama, War","8,8",36089,1985
Behzat Ç: An Ankara Detective Story,"Crime, Drama, Mystery","8,8",34873,2010
Flames,"Comedy, Drama, Romance","8,8",33403,2018
Another Love,"Drama, Romance","8,8",23334,2023
"I, Claudius","Biography, Drama, History","8,8",20943,1976
Rocket Boys,"Drama, History","8,8",19380,2022
Fighting Spirit,"Action, Animation, Comedy","8,8",13865,2000
Black Sun,"Crime, Drama, Thriller","8,8",13311,2017
Not Me,"Action, Crime, Romance","8,8",12630,2021
Peaky Blinders,"Crime, Drama","8,7",711298,2013
Black Mirror,"Crime, Drama, Mystery","8,7",692896,2011
House,"Drama, Mystery","8,7",558260,2004
Narcos,"Biography, Crime, Drama","8,7",500986,2015
Dark,"Crime, Drama, Mystery","8,7",491381,2017
South Park,"Animation, Comedy","8,7",422632,1997
Severance,"Drama, Mystery, Sci-Fi","8,7",316165,2022
Mad Men,Drama,"8,7",275089,2007
Invincible,"Action, Adventure, Animation","8,7",274510,2021
Downton Abbey,"Drama, Romance","8,7",234713,2010
Twin Peaks,"Crime, Drama, Mystery","8,7",231601,1990
Fleabag,"Comedy, Drama","8,7",226946,2016
One Punch Man,"Action, Animation, Comedy","8,7",201698,2015
Naruto: Shippuden,"Action, Adventure, Animation","8,7",197873,2007
Rome,"Action, Drama, Romance","8,7",194995,2005
Battlestar Galactica,"Action, Adventure, Drama","8,7",182250,2004
This Is Us,"Comedy, Drama, Romance","8,7",167985,2016
Six Feet Under,"Comedy, Drama","8,7",158783,2001
The Marvelous Mrs. Maisel,"Comedy, Drama","8,7",151027,2017
Star Trek: The Next Generation,"Action, Adventure, Drama","8,7",143729,1987
1883,"Drama, Western","8,7",142558,2021
Top Gear,"Adventure, Sport, Talk-Show","8,7",132490,2002
Oz,"Crime, Drama, Thriller","8,7",112249,1997
The Family Man,"Action, Comedy, Drama","8,7",103995,2019
The Shield,"Crime, Drama, Thriller","8,7",93020,2002
Blue Eye Samurai,"Action, Adventure, Animation","8,7",91085,2023
Code Geass,"Action, Animation, Drama","8,7",91051,2006
The Grand Tour,"Comedy, Sport, Talk-Show","8,7",90769,2016
Over the Garden Wall,"Adventure, Animation, Comedy","8,7",80256,2014
Friday Night Lights,"Drama, Sport","8,7",76089,2006
Line of Duty,"Crime, Drama, Mystery","8,7",75781,2012
Peep Show,Comedy,"8,7",70562,2003
Berserk,"Action, Adventure, Animation","8,7",65881,1997
Monster,"Animation, Crime, Drama","8,7",56940,2004
Crash Landing on You,"Adventure, Comedy, Drama","8,7",50933,2019
X-Men '97,"Action, Adventure, Animation","8,7",44947,2024
Haikyu!!,"Animation, Comedy, Drama","8,7",44893,2014
Mr Inbetween,"Comedy, Crime, Drama","8,7",40411,2018
Lonesome Dove,"Adventure, Drama, Western","8,7",28089,1989
The Thick of It,Comedy,"8,7",28033,2005
The Adventures of Sherlock Holmes,"Crime, Drama, Mystery","8,7",26031,1984
Justice League Unlimited,"Action, Adventure, Animation","8,7",23239,2004
Alchemy of Souls,"Action, Drama, Fantasy","8,7",23040,2022
Gintama,"Action, Animation, Comedy","8,7",18275,2005
Campus Diaries,"Comedy, Drama, Romance","8,7",17560,2022
The Bureau,"Drama, Thriller","8,7",16989,2015
Homicide: Life on the Street,"Crime, Drama, Mystery","8,7",16041,1993
How to with John Wilson,"Comedy, Documentary","8,7",15564,2020
El Chavo del Ocho,"Comedy, Family","8,7",15003,1972
Pew News,"Comedy, News","8,7",14739,2018
The Return of Sherlock Holmes,"Crime, Drama, Mystery","8,7",14601,1986
Content Cop,"Comedy, Crime, Talk-Show","8,7",12595,2015
Mr. Sunshine,"Action, Drama, History","8,7",12336,2018
Umbre,"Crime, Drama, Thriller","8,7",12294,2014
The Untamed,"Action, Adventure, Drama","8,7",11409,2019
Mind Your Language,Comedy,"8,7",10224,1977
Mister Rogers' Neighborhood,"Family, Fantasy, Music","8,7",10024,1968
Stranger Things,"Drama, Fantasy, Horror","8,6",1444877,2016
Dexter,"Crime, Drama, Mystery","8,6",843577,2006
The Boys,"Action, Comedy, Crime","8,6",777060,2019
The Last of Us,"Action, Adventure, Drama","8,6",653942,2023
The Mandalorian,"Action, Adventure, Fantasy","8,6",624699,2019
House of Cards,Drama,"8,6",546872,2013
Daredevil,"Action, Crime, Drama","8,6",505456,2015
The Simpsons,"Animation, Comedy","8,6",453414,1989
Mindhunter,"Crime, Drama, Mystery","8,6",367392,2017
Arrested Development,Comedy,"8,6",334698,2003
Parks and Recreation,Comedy,"8,6",302832,2009
Yellowstone,"Drama, Western","8,6",274890,2018
The Crown,"Biography, Drama, History","8,6",270206,2016
The X-Files,"Adventure, Crime, Drama","8,6",262392,1993
Shōgun,"Action, Adventure, Drama","8,6",216775,2024
Boardwalk Empire,"Crime, Drama","8,6",211163,2010
The Penguin,"Crime, Drama","8,6",194561,2024
Demon Slayer: Kimetsu no Yaiba,"Action, Adventure, Animation","8,6",187168,2019
Archer,"Action, Animation, Comedy","8,6",171543,2009
Mr. Bean,"Comedy, Family","8,6",142655,1990
The Newsroom,Drama,"8,6",130301,2012
Justified,"Action, Crime, Drama","8,6",125180,2010
Deadwood,"Crime, Drama, History","8,6",123642,2004
Adventure Time,"Action, Adventure, Animation","8,6",123334,2010
What We Do in the Shadows,"Comedy, Fantasy, Horror","8,6",118852,2019
Atlanta,"Comedy, Drama, Music","8,6",94267,2016
Dopesick,Drama,"8,6",86371,2021
The Bridge,"Crime, Mystery, Thriller","8,6",81000,2011
Solo Leveling,"Action, Adventure, Animation","8,6",76197,2024
Anne with an E,"Drama, Family","8,6",73992,2017
Regular Show,"Action, Adventure, Animation","8,6",66739,2010
The Jinx: The Life and Deaths of Robert Durst,"Biography, Crime, Documentary","8,6",56271,2015
Poirot,"Crime, Drama, Mystery","8,6",55764,1989
Blackadder II,Comedy,"8,6",52194,1986
Impractical Jokers,"Comedy, Reality-TV","8,6",49185,2011
Blackadder the Third,Comedy,"8,6",49182,1987
Young Justice,"Action, Adventure, Animation","8,6",48610,2010
Gomorrah,"Crime, Drama, Thriller","8,6",47498,2014
Father Ted,Comedy,"8,6",46177,1995
The Offer,"Biography, Crime, Drama","8,6",45984,2022
Skam,"Drama, Romance","8,6",40991,2015
It's Okay to Not Be Okay,"Comedy, Drama, Romance","8,6",40931,2020
Ezel,"Crime, Drama, Thriller","8,6",40765,2009
It's a Sin,Drama,"8,6",39299,2021
Special OPS,"Action, Crime, Thriller","8,6",38940,2020
The Bugs Bunny Show,"Animation, Comedy","8,6",36964,1960
Endeavour,"Crime, Drama, Mystery","8,6",36049,2012
Pose,Drama,"8,6",35089,2018
QI,"Comedy, Game-Show","8,6",34899,2003
Call the Midwife,"Drama, History","8,6",33609,2012
Extraordinary Attorney Woo,Drama,"8,6",33260,2022
Guardian: The Lonely and Great God,"Comedy, Drama, Fantasy","8,6",33202,2016
Letterkenny,Comedy,"8,6",32428,2016
Scavengers Reign,"Adventure, Animation, Drama","8,6",29882,2023
The Venture Bros.,"Action, Adventure, Animation","8,6",29504,2003
Mystery Science Theater 3000,"Comedy, Sci-Fi","8,6",27048,1988
Permanent Roommates,"Comedy, Romance","8,6",26690,2014
Wentworth,"Crime, Drama, Thriller","8,6",26160,2013
Primal,"Action, Adventure, Animation","8,6",24801,2019
Detectorists,Comedy,"8,6",23946,2014
I'm Alan Partridge,Comedy,"8,6",23125,1997
Avrupa Yakasi,Comedy,"8,6",22870,2004
The Owl House,"Action, Adventure, Animation","8,6",22754,2020
Lucky Guy,"Comedy, Drama, Fantasy","8,6",22058,2023
Isler Güçler,Comedy,"8,6",21740,2012
My Brilliant Friend,Drama,"8,6",21619,2018
All Creatures Great & Small,"Comedy, Drama","8,6",20029,2020
Bandish Bandits,"Drama, Music, Romance","8,6",19831,2020
Foyle's War,"Crime, Drama, Mystery","8,6",19706,2002
Through the Wormhole,Documentary,"8,6",19134,2010
Yes Minister,Comedy,"8,6",18024,1980
Kardes Payi,Comedy,"8,6",17994,2014
Twenty Five Twenty One,"Drama, Romance","8,6",17944,2022
Rurouni Kenshin: Trust and Betrayal,"Action, Adventure, Animation","8,6",17368,1999
Broken But Beautiful,"Drama, Romance","8,6",17313,2018
Long Way Round,"Adventure, Documentary","8,6",16294,2004
Tear Along the Dotted Line,"Animation, Comedy, Drama","8,6",15673,2021
Hilda,"Adventure, Animation, Drama","8,6",15188,2018
Mouse,"Action, Crime, Mystery","8,6",14495,2021
The Great British Baking Show,"Game-Show, Reality-TV","8,6",14223,2010
"Yes, Prime Minister",Comedy,"8,6",14078,1986
Moon Lovers: Scarlet Heart Ryeo,"Action, Drama, Fantasy","8,6",13541,2016
Mr. Queen,"Comedy, Fantasy, Romance","8,6",13112,2020
Greatest Events of WWII in Colour,"Documentary, History, War","8,6",12594,2019
Brass Eye,Comedy,"8,6",12287,1997
Very Parivarik,Comedy,"8,6",11563,2024
Lovely Runner,"Comedy, Fantasy, Music","8,6",11106,2024
Hunter x Hunter,"Action, Adventure, Animation","8,6",10983,1999
Shoresy,"Action, Comedy, Drama","8,6",10845,2022
ImMATURE,"Comedy, Drama, Romance","8,6",10649,2019
Merlí,"Comedy, Drama, Romance","8,6",10509,2015
Common Side Effects,"Animation, Comedy, Drama","8,6",10468,2024
Vikings,"Action, Adventure, Drama","8,5",617194,2013
The Queen's Gambit,Drama,"8,5",617005,2020
Modern Family,"Comedy, Drama, Romance","8,5",515762,2009
Mr. Robot,"Crime, Drama, Thriller","8,5",441070,2015
Ozark,"Crime, Drama, Thriller","8,5",369933,2017
Sons of Anarchy,"Crime, Drama, Thriller","8,5",340151,2008
Shameless,"Comedy, Drama","8,5",310807,2011
The Haunting of Hill House,"Drama, Horror, Mystery","8,5",309848,2018
Community,Comedy,"8,5",303375,2009
Hannibal,"Crime, Drama, Horror","8,5",292247,2013
Futurama,"Adventure, Animation, Comedy","8,5",271067,1999
The Bear,"Comedy, Drama","8,5",269558,2022
Spartacus,"Action, Adventure, Biography","8,5",266631,2010
Doctor Who,"Adventure, Drama, Sci-Fi","8,5",257105,2005
Andor,"Action, Adventure, Drama","8,5",205463,2022
Person of Interest,"Action, Crime, Drama","8,5",198065,2011
The Expanse,"Drama, Mystery, Sci-Fi","8,5",183254,2015
The Last Kingdom,"Action, Drama, History","8,5",177997,2015
Silicon Valley,Comedy,"8,5",174480,2014
The IT Crowd,Comedy,"8,5",171008,2006
Schitt's Creek,Comedy,"8,5",161345,2015
Jujutsu Kaisen,"Action, Adventure, Animation","8,5",153953,2020
Spartacus: Gods of the Arena,"Action, Adventure, Biography","8,5",150231,2011
The Office,"Comedy, Drama","8,5",128315,2001
Making a Murderer,"Crime, Documentary","8,5",105959,2015
Neon Genesis Evangelion,"Action, Animation, Drama","8,5",97655,1995
Sacred Games,"Action, Crime, Drama","8,5",95283,2018
Bosch,"Crime, Drama","8,5",89475,2014
Heartstopper,"Drama, Romance","8,5",87002,2022
Louie,"Comedy, Drama","8,5",84126,2010
Twin Peaks,"Crime, Drama, Horror","8,5",83142,2017
Battlestar Galactica,"Action, Adventure, Drama","8,5",83053,2003
Fullmetal Alchemist,"Action, Adventure, Animation","8,5",82105,2003
Dragon Ball,"Action, Adventure, Animation","8,5",72171,1986
Dragon Ball,"Action, Adventure, Animation","8,5",70455,1995
Happy Valley,"Crime, Drama, Thriller","8,5",69499,2014
Derry Girls,Comedy,"8,5",68845,2018
Asur: Welcome to Your Dark Side,"Crime, Drama, Mystery","8,5",68295,2020
Flight of the Conchords,"Comedy, Music, Musical","8,5",68221,2007
M*A*S*H,"Comedy, Drama, War","8,5",66639,1972
Samurai Jack,"Action, Adventure, Animation","8,5",63468,2001
Samurai Champloo,"Action, Adventure, Animation","8,5",59742,2004
Spaced,Comedy,"8,5",59536,1999
Formula 1: Drive to Survive,"Documentary, Sport","8,5",56161,2019
Mob Psycho 100,"Action, Animation, Comedy","8,5",55508,2016
Justice League,"Action, Adventure, Animation","8,5",54799,2001
Trailer Park Boys,"Comedy, Crime","8,5",54704,2001
The Knick,"Drama, History","8,5",54543,2014
Boston Legal,"Comedy, Crime, Drama","8,5",51791,2004
Coupling,"Comedy, Romance","8,5",49224,2000
Whose Line Is It Anyway?,"Comedy, Game-Show","8,5",48014,1998
Your Lie in April,"Animation, Comedy, Drama","8,5",44060,2014
JoJo's Bizarre Adventure,"Action, Adventure, Animation","8,5",43058,2012
The Boondocks,"Action, Animation, Comedy","8,5",38448,2005
North & South,"Drama, Romance","8,5",36722,2004
Borgen,Drama,"8,5",31313,2010
Mumbai Diaries,"Drama, Thriller","8,5",31084,2021
Southland,"Crime, Drama, Thriller","8,5",30107,2009
I Love Lucy,Comedy,"8,5",30002,1951
The Rehearsal,"Comedy, Documentary","8,5",29277,2022
Delhi Crime,"Crime, Drama","8,5",27619,2019
The Railway Men,"Drama, History, Thriller","8,5",26566,2023
Jesus of Nazareth,"Biography, Drama, History","8,5",26425,1977
RuPaul's Drag Race,"Game-Show, Reality-TV","8,5",24658,2009
Kaguya-sama: Love is War,"Animation, Comedy, Romance","8,5",24240,2019
Anne of Green Gables,"Drama, Family","8,5",23656,1985
Queer as Folk,"Drama, Romance","8,5",23255,2000
The Eric Andre Show,"Comedy, Talk-Show","8,5",23207,2012
Inside No. 9,"Comedy, Crime, Drama","8,5",22436,2014
Hostel Daze,"Comedy, Drama","8,5",22001,2019
Queer Eye,Reality-TV,"8,5",21838,2018
Ghost in the Shell: Stand Alone Complex,"Action, Animation, Crime","8,5",21740,2002
Smiling Friends,"Animation, Comedy, Short","8,5",21375,2020
Rurouni Kenshin,"Action, Adventure, Animation","8,5",21297,1996
Garth Marenghi's Darkplace,"Comedy, Fantasy, Horror","8,5",20974,2004
TVF Tripling,"Comedy, Drama","8,5",20934,2016
Kingdom,"Drama, Sport","8,5",20401,2014
Please Like Me,"Comedy, Drama, Romance","8,5",20209,2013
Alfred Hitchcock Presents,"Crime, Drama, Mystery","8,5",20032,1955
Barareh Nights,Comedy,"8,5",19347,2005
Death's Game,"Drama, Fantasy","8,5",18857,2023
Horace and Pete,"Comedy, Drama","8,5",17937,2016
Scenes from a Marriage,Drama,"8,5",17586,1973
Chef's Table,"Biography, Documentary","8,5",17500,2015
Yu Yu Hakusho: Ghost Files,"Action, Adventure, Animation","8,5",17280,1992
Flower of Evil,"Crime, Mystery, Romance","8,5",16815,2020
Detective Conan,"Action, Animation, Comedy","8,5",16607,1996
The Angry Video Game Nerd,"Action, Comedy, Fantasy","8,5",16102,2004
The Defiant Ones,"Biography, Crime, Documentary","8,5",15884,2017
The Prisoner,"Drama, Mystery, Sci-Fi","8,5",15698,1967
House of Cards,Drama,"8,5",15480,1990
Mushi-Shi,"Animation, Drama, Fantasy","8,5",15435,2005
Summer Heights High,"Comedy, Drama, Family","8,5",15382,2007
Pantheon,"Action, Adventure, Animation","8,5",15325,2022
Sixer,"Drama, Sport","8,5",14235,2022
From the Earth to the Moon,"Action, Drama, History","8,5",14091,1998
The Apothecary Diaries,"Animation, Drama, History","8,5",13782,2023
Great Teacher Onizuka,"Animation, Comedy, Drama","8,5",12970,1999
The Prince,"Comedy, History","8,5",12206,2023
Fruits Basket,"Animation, Comedy, Drama","8,5",11249,2019
Move to Heaven,Drama,"8,5",11186,2021
Staged,"Comedy, Drama","8,5",11164,2020
Signal,"Crime, Drama, Fantasy","8,5",10687,2016
The Bugs Bunny/Road Runner Hour,"Animation, Comedy","8,5",10396,1968
RuPaul's Drag Race All Stars,"Game-Show, Reality-TV","8,5",10385,2012
Westworld,"Drama, Mystery, Sci-Fi","8,4",547969,2016
Suits,"Comedy, Drama","8,4",514995,2011
Supernatural,"Drama, Fantasy, Horror","8,4",511806,2005
Brooklyn Nine-Nine,"Comedy, Crime","8,4",393934,2013
The Punisher,"Action, Crime, Drama","8,4",284622,2017
Scrubs,"Comedy, Drama","8,4",277441,2001
Fringe,"Drama, Mystery, Sci-Fi","8,4",264041,2008
Big Little Lies,"Crime, Drama, Mystery","8,4",236180,2017
Cobra Kai,"Action, Comedy, Drama","8,4",230964,2018
"Love, Death & Robots","Action, Adventure, Animation","8,4",214063,2019
Mare of Easttown,"Crime, Drama, Mystery","8,4",205013,2021
24,"Action, Crime, Drama","8,4",202474,2001
The Night Of,"Crime, Drama, Mystery","8,4",182875,2016
Entourage,"Comedy, Drama","8,4",180310,2004
The Heroes,"Animation, Drama, History","8,4",170242,2008
After Life,"Comedy, Drama","8,4",161329,2019
Luther,"Crime, Drama, Mystery","8,4",159202,2010
Naruto,"Action, Adventure, Animation","8,4",146974,2002
Banshee,"Action, Crime, Drama","8,4",135821,2013
Star Wars: The Clone Wars,"Action, Adventure, Animation","8,4",132141,2008
The Americans,"Crime, Drama, Mystery","8,4",117437,2013
Psych,"Comedy, Crime, Mystery","8,4",116189,2006
Normal People,"Drama, Romance","8,4",105031,2020
Stargate SG-1,"Action, Adventure, Drama","8,4",105006,1997
American Crime Story,"Biography, Crime, Drama","8,4",100918,2016
The Inbetweeners,Comedy,"8,4",97888,2008
Star Trek,"Action, Adventure, Drama","8,4",96969,1966
Mirzapur,"Action, Crime, Thriller","8,4",89633,2018
The Good Wife,"Crime, Drama, Mystery","8,4",86275,2009
Ash vs Evil Dead,"Action, Comedy, Horror","8,4",82745,2015
Veep,Comedy,"8,4",68289,2012
Erased,"Animation, Crime, Drama","8,4",66336,2016
Black Books,Comedy,"8,4",63220,2000
Generation Kill,"Drama, War","8,4",61945,2008
Pushing Daisies,"Comedy, Drama, Fantasy","8,4",60840,2007
Utopia,"Drama, Mystery, Sci-Fi","8,4",53602,2013
X-Men,"Action, Adventure, Animation","8,4",52415,1992
Warrior,"Action, Crime, Drama","8,4",50056,2019
The Legend of Vox Machina,"Action, Adventure, Animation","8,4",48972,2022
Carnivàle,"Drama, Fantasy, Mystery","8,4",48169,2003
The Amazing World of Gumball,"Adventure, Animation, Comedy","8,4",47542,2011
Dr. Horrible's Sing-Along Blog,"Comedy, Musical, Sci-Fi","8,4",44658,2008
Top Boy,"Crime, Drama, Thriller","8,4",44531,2011
The Wonder Years,"Comedy, Drama, Family","8,4",42365,1988
Harley Quinn,"Action, Adventure, Animation","8,4",41033,2019
Doctor Who,"Adventure, Drama, Family","8,4",40672,1963
The Colbert Report,"Comedy, News, Talk-Show","8,4",39386,2005
Snowfall,"Crime, Drama","8,4",39120,2017
John Adams,"Biography, Drama, History","8,4",38349,2008
Red Dwarf,"Comedy, Sci-Fi","8,4",38305,1988
Spider-Man: The Animated Series,"Action, Adventure, Animation","8,4",37591,1994
Broad City,Comedy,"8,4",37396,2014
Halt and Catch Fire,Drama,"8,4",36814,2014
Babylon 5,"Action, Adventure, Drama","8,4",35990,1993
Violet Evergarden,"Animation, Drama, Family","8,4",34672,2018
Vincenzo,"Action, Comedy, Crime","8,4",34547,2021
Unforgotten,"Crime, Drama, Mystery","8,4",34452,2015
Bosch: Legacy,"Crime, Drama","8,4",34349,2022
Generation War,"Action, Drama, History","8,4",33994,2013
Life on Mars,"Crime, Drama, Mystery","8,4",33927,2006
Dandadan,"Action, Adventure, Animation","8,4",32732,2024
Babylon Berlin,"Crime, Drama, Thriller","8,4",31879,2017
The Killing,"Crime, Drama, Mystery","8,4",31313,2007
Ethos,Drama,"8,4",30880,2020
Ghosts,"Comedy, Fantasy","8,4",30387,2019
The Dark Crystal: Age of Resistance,"Adventure, Family, Fantasy","8,4",28281,2019
'Allo 'Allo!,"Comedy, History, War","8,4",28056,1982
Inside Look: The People v. O.J. Simpson - American Crime Story,"Documentary, Short","8,4",27592,2016
The Muppet Show,"Comedy, Family, Musical","8,4",27067,1976
Top Gear,Documentary,"8,4",25287,1978
The Mighty Boosh,"Comedy, Fantasy, Musical","8,4",24807,2003
Northern Exposure,"Comedy, Drama","8,4",23403,1990
Invader ZIM,"Action, Adventure, Animation","8,4",23314,2001
My So-Called Life,"Comedy, Drama, Romance","8,4",22663,1994
Police Squad!,"Comedy, Crime","8,4",22193,1982
Doc Martin,"Comedy, Drama, Romance","8,4",21516,2004
Heartland,"Drama, Family","8,4",21273,2007
The Spectacular Spider-Man,"Action, Adventure, Animation","8,4",21186,2008
This Is Going to Hurt,"Biography, Comedy, Drama","8,4",20469,2022
Trollhunters: Tales of Arcadia,"Action, Adventure, Animation","8,4",20458,2016
The New Batman Adventures,"Action, Adventure, Animation","8,4",20294,1997
All in the Family,"Comedy, Drama","8,4",19740,1971
Roots,"Biography, Drama, History","8,4",19554,1977
My Mad Fat Diary,"Comedy, Drama, Romance","8,4",19467,2013
MobLand,"Crime, Drama","8,4",18325,2025
The Andy Griffith Show,"Comedy, Family","8,4",18054,1960
The Ricky Gervais Show,"Animation, Comedy, Talk-Show","8,4",17411,2010
Pachinko,Drama,"8,4",16402,2022
Brassic,"Comedy, Drama","8,4",16173,2019
Weak Hero Class 1,"Action, Drama, Thriller","8,4",15038,2022
Mr Bates vs. The Post Office,"Biography, Drama","8,4",14451,2024
A Small Light,"Biography, Drama, History","8,4",14369,2023
Ranking of Kings,"Action, Adventure, Animation","8,4",13908,2021
The Graham Norton Show,"Comedy, Music, Talk-Show","8,4",13796,2007
Moving,"Action, Adventure, Fantasy","8,4",13708,2023
Jeeves and Wooster,Comedy,"8,4",13519,1990
Like There's No Tomorrow,"Drama, Romance","8,4",13131,2024
Julie and the Phantoms,"Adventure, Comedy, Drama","8,4",13104,2020
Steins;Gate 0,"Animation, Drama, Mystery","8,4",13054,2018
The League of Gentlemen,"Comedy, Horror","8,4",12767,1999
Healer,"Action, Comedy, Crime","8,4",12570,2014
The Dick Van Dyke Show,"Comedy, Family","8,4",12549,1961
Saint Seiya: Knights of the Zodiac,"Action, Adventure, Animation","8,4",11897,1986
The Late Late Show with Craig Ferguson,"Comedy, Music, Talk-Show","8,4",11716,2005
Prehistoric Planet,"Animation, Documentary, History","8,4",11511,2022
The Kids in the Hall,Comedy,"8,4",11408,1988
Stranger,"Crime, Drama, Mystery","8,4",11170,2017
Mr. Show with Bob and David,Comedy,"8,4",10861,1995
Anne of Avonlea,"Drama, Family, Romance","8,4",10636,1987
Infinity Train,"Action, Adventure, Animation","8,4",10467,2019
The Adventures of Pete & Pete,"Comedy, Drama, Family","8,4",10343,1992
Stromberg,Comedy,"8,4",10232,2004
Tinker Tailor Soldier Spy,"Drama, Mystery, Thriller","8,4",10171,1979
Whose Line Is It Anyway?,"Comedy, Game-Show","8,4",10119,2013
This Is England '90,"Comedy, Crime, Drama","8,4",10099,2015
How I Met Your Mother,"Comedy, Drama, Romance","8,3",759116,2005
Lost,"Adventure, Drama, Fantasy","8,3",641079,2004
Prison Break,"Action, Crime, Drama","8,3",627505,2005
House of the Dragon,"Action, Adventure, Drama","8,3",476062,2022
Homeland,"Crime, Drama, Mystery","8,3",369519,2011
Fallout,"Action, Adventure, Drama","8,3",313490,2024
The Handmaid's Tale,"Drama, Sci-Fi, Thriller","8,3",276471,2017
Euphoria,Drama,"8,3",271898,2019
Californication,"Comedy, Drama","8,3",192015,2007
Outlander,"Adventure, Drama, Fantasy","8,3",190727,2014
One Piece,"Action, Adventure, Comedy","8,3",174178,2023
Buffy the Vampire Slayer,"Action, Adventure, Drama","8,3",167632,1997
Taboo,"Drama, Mystery, Thriller","8,3",156414,2017
Peacemaker,"Action, Adventure, Comedy","8,3",148153,2022
The Legend of Korra,"Action, Adventure, Animation","8,3",145073,2012
The Pacific,"Action, Adventure, Drama","8,3",138088,2010
30 Rock,Comedy,"8,3",135233,2006
Broadchurch,"Crime, Drama, Mystery","8,3",134235,2013
Barry,"Action, Comedy, Crime","8,3",132954,2018
Unbelievable,"Crime, Drama","8,3",129301,2019
The Killing,"Crime, Drama, Mystery","8,3",129077,2011
The Leftovers,"Drama, Fantasy, Mystery","8,3",121473,2014
Orphan Black,"Drama, Sci-Fi, Thriller","8,3",120352,2013
Billions,Drama,"8,3",114264,2016
Slow Horses,"Drama, Thriller","8,3",112578,2022
Maid,Drama,"8,3",111938,2021
Cyberpunk: Edgerunners,"Action, Adventure, Animation","8,3",103795,2022
Narcos: Mexico,"Crime, Drama","8,3",97722,2018
Ray Donovan,"Crime, Drama","8,3",96777,2013
Castlevania,"Action, Adventure, Animation","8,3",89112,2017
1923,"Drama, Western","8,3",81847,2022
Veronica Mars,"Crime, Drama, Mystery","8,3",80373,2004
Chainsaw Man,"Action, Animation, Comedy","8,3",75625,2022
Star Trek: Strange New Worlds,"Action, Adventure, Sci-Fi","8,3",64495,2022
Extras,"Comedy, Drama","8,3",62065,2005
Blue Mountain State,"Comedy, Sport","8,3",61485,2010
Kingdom,"Action, Drama, Horror","8,3",59420,2019
Hell on Wheels,"Drama, Western","8,3",57956,2011
MythBusters,"Documentary, Mystery, Reality-TV","8,3",55859,2003
Courage the Cowardly Dog,"Adventure, Animation, Comedy","8,3",54373,1999
Farzi,"Crime, Drama, Thriller","8,3",50689,2023
Spy x Family,"Action, Animation, Comedy","8,3",50561,2022
The Young Pope,Drama,"8,3",49690,2016
The Daily Show,"Comedy, News, Talk-Show","8,3",48887,1996
24: Live Another Day,"Action, Crime, Drama","8,3",47439,2014
Columbo,"Crime, Drama, Mystery","8,3",45054,1971
Longmire,"Action, Crime, Drama","8,3",42040,2012
Farscape,"Action, Adventure, Drama","8,3",41734,1999
Parenthood,"Comedy, Drama","8,3",41156,2010
Dragon Ball Super,"Action, Adventure, Animation","8,3",41114,2015
Fauda,"Action, Drama, Thriller","8,3",40665,2015
Poldark,"Drama, Romance","8,3",37854,2015
Sugarland,"Animation, Comedy, Family","8,3",36058,2019
Life,"Crime, Drama, Mystery","8,3",35966,2007
Years and Years,"Drama, Sci-Fi","8,3",35515,2019
Why Women Kill,"Comedy, Crime, Drama","8,3",35296,2019
An Idiot Abroad,"Adventure, Comedy, Documentary","8,3",35116,2010
The Good Fight,"Crime, Drama","8,3",34240,2017
Winning Time: The Rise of the Lakers Dynasty,"Biography, Drama, Sport","8,3",30896,2022
The Dragon Prince,"Action, Adventure, Animation","8,3",30495,2018
College Romance,"Comedy, Drama, Romance","8,3",29215,2018
Shetland,"Crime, Drama, Mystery","8,3",29085,2013
Rescue Me,"Comedy, Drama","8,3",28713,2004
Feud,"Biography, Drama","8,3",28648,2017
Rectify,Drama,"8,3",28291,2013
Olive Kitteridge,Drama,"8,3",27692,2014
Key and Peele,Comedy,"8,3",27618,2012
Reservation Dogs,"Comedy, Crime","8,3",26708,2021
Dragon Ball Z Kai,"Action, Adventure, Animation","8,3",26698,2009
Studio 60 on the Sunset Strip,"Comedy, Drama","8,3",25615,2006
Hometown Cha-Cha-Cha,"Comedy, Drama, Romance","8,3",24800,2021
Gurren Lagann,"Action, Adventure, Animation","8,3",23431,2007
Jane Eyre,"Drama, Romance","8,3",23058,2006
Welcome to Wrexham,"Documentary, Reality-TV, Sport","8,3",23051,2022
Kursadzije,"Comedy, Drama","8,3",22504,2006
Wayne,"Action, Comedy, Drama","8,3",21794,2019
Masum,"Crime, Drama, Mystery","8,3",21100,2017
Who Is America?,Comedy,"8,3",20996,2018
Kaiju No. 8,"Action, Adventure, Animation","8,3",20920,2024
The Adventures of Tintin,"Action, Adventure, Animation","8,3",19924,1991
Operation MBBS,"Comedy, Drama","8,3",19460,2020
MI-5,"Action, Crime, Drama","8,3",19428,2002
In Treatment,Drama,"8,3",18856,2008
Metalocalypse,"Animation, Comedy, Music","8,3",18681,2006
Dirin Dirin,"Animation, Comedy","8,3",18557,2015
Special Ops 1.5: The Himmat Story,"Action, Crime, Drama","8,3",18205,2021
Made in Abyss,"Action, Adventure, Animation","8,3",18123,2017
The Bugs Bunny/Looney Tunes Comedy Hour,"Animation, Comedy, Family","8,3",18117,1985
Call My Agent!,"Comedy, Drama","8,3",17755,2015
The Avengers: Earth's Mightiest Heroes,"Action, Adventure, Animation","8,3",17194,2010
Treme,"Drama, Music","8,3",16431,2010
One Hundred Years of Solitude,"Drama, Fantasy, History","8,3",16200,2024
This Is England '86,"Comedy, Crime, Drama","8,3",15175,2010
Weightlifting Fairy Kim Bok-Joo,"Comedy, Romance","8,3",15097,2016
Bottom,Comedy,"8,3",14792,1991
Julia,"Biography, Drama","8,3",14049,2022
Wonderfalls,"Comedy, Drama, Fantasy","8,3",13368,2004
DuckTales,"Action, Adventure, Animation","8,3",13349,2017
Green Wing,"Comedy, Drama","8,3",13206,2004
The Disastrous Life of Saiki K.,"Animation, Comedy, Fantasy","8,3",13128,2016
Perry Mason,"Crime, Drama, Mystery","8,3",12707,1957
Wu-Tang: An American Saga,"Biography, Drama, Music","8,3",12527,2019
Oshi No Ko,"Animation, Drama, Fantasy","8,3",12360,2023
This Is England '88,"Comedy, Crime, Drama","8,3",12111,2011
Car Masters: Rust to Riches,Reality-TV,"8,3",11945,2018
Gran Hotel,"Crime, Drama, History","8,3",11650,2011
Terriers,"Comedy, Crime, Drama","8,3",11523,2010
While You Were Sleeping,"Comedy, Drama, Fantasy","8,3",11491,2017
Cranford,Drama,"8,3",11211,2007
To Your Eternity,"Adventure, Animation, Drama","8,3",11106,2021
Bleak House,"Crime, Drama","8,3",11063,2005
State of Play,"Crime, Drama, Mystery","8,3",10884,2003
Millennium,"Action, Crime, Mystery","8,3",10779,2010
The Mary Tyler Moore Show,Comedy,"8,3",10755,1970
Amphibia,"Action, Adventure, Animation","8,3",10503,2019
A Bit of Fry and Laurie,Comedy,"8,3",10146,1987
Between Two Ferns with Zach Galifianakis,"Comedy, Short, Talk-Show","8,3",10071,2008
Money Heist,"Action, Crime, Drama","8,2",571030,2017
Loki,"Action, Adventure, Fantasy","8,2",444135,2021
Sex Education,"Comedy, Drama, Romance","8,2",378796,2019
The Mentalist,"Crime, Drama, Mystery","8,2",212042,2008
The Good Place,"Comedy, Drama, Fantasy","8,2",206657,2016
Adolescence,"Crime, Drama, Mystery","8,2",191152,2025
Sense8,"Drama, Mystery, Sci-Fi","8,2",167619,2015
Gilmore Girls,"Comedy, Drama","8,2",161595,2000
The Originals,"Drama, Fantasy, Horror","8,2",154800,2013
Chuck,"Action, Comedy, Drama","8,2",150951,2007
Malcolm in the Middle,"Comedy, Family","8,2",149473,2000
White Collar,"Comedy, Crime, Drama","8,2",149034,2009
Watchmen,"Crime, Drama, Mystery","8,2",140920,2019
The Morning Show,Drama,"8,2",139505,2019
Penny Dreadful,"Drama, Fantasy, Horror","8,2",135500,2014
Black Sails,"Action, Adventure, Drama","8,2",121031,2014
SpongeBob SquarePants,"Animation, Comedy, Family","8,2",118955,1999
Misfits,"Comedy, Drama, Fantasy","8,2",110457,2009
Atypical,"Comedy, Drama","8,2",109459,2017
Frasier,Comedy,"8,2",99562,1993
Bob's Burgers,"Animation, Comedy","8,2",97781,2011
Skins,Drama,"8,2",97078,2007
My Hero Academia,"Action, Adventure, Animation","8,2",92106,2016
Godless,"Action, Drama, Western","8,2",85829,2017
Bleach,"Action, Adventure, Animation","8,2",81811,2004
Master of None,"Comedy, Drama","8,2",77615,2015
Paatal Lok,"Action, Crime, Drama","8,2",72016,2020
Eastbound & Down,"Comedy, Drama, Sport","8,2",67259,2009
Forever,"Crime, Drama, Fantasy","8,2",64381,2014
Mayor of Kingstown,"Crime, Drama, Thriller","8,2",61141,2021
Daredevil: Born Again,"Action, Crime, Drama","8,2",60407,2025
Grace and Frankie,Comedy,"8,2",59602,2015
Parasyte: The Maxim,"Action, Animation, Drama","8,2",55810,2014
Landman,Drama,"8,2",54948,2024
The League,"Comedy, Sport","8,2",53371,2009
Hacks,"Comedy, Drama","8,2",52428,2021
Jury Duty,Comedy,"8,2",50730,2023
The Golden Girls,"Comedy, Drama","8,2",50218,1985
Final Space,"Action, Adventure, Animation","8,2",49951,2018
Bad Sisters,"Comedy, Drama, Thriller","8,2",49517,2022
Lessons in Chemistry,Drama,"8,2",49091,2023
Young Royals,"Drama, Romance","8,2",47710,2021
Animal Kingdom,"Crime, Drama","8,2",46197,2016
The Kominsky Method,"Comedy, Drama","8,2",45698,2018
Abbott Elementary,Comedy,"8,2",44713,2021
Steven Universe,"Action, Adventure, Animation","8,2",43117,2013
Black Clover,"Action, Adventure, Animation","8,2",41818,2017
Party Down,"Comedy, Drama","8,2",38290,2009
Quantum Leap,"Action, Adventure, Drama","8,2",37948,1989
Dexter: Original Sin,"Crime, Drama, Mystery","8,2",35908,2024
Victoria,"Biography, Drama, History","8,2",32512,2016
Rogue Heroes,"Action, Drama, Thriller","8,2",32231,2022
Time,"Crime, Drama","8,2",30098,2021
Love Doesn't Understand Words,"Comedy, Romance","8,2",29820,2016
Mushoku Tensei: Jobless Reincarnation,"Action, Adventure, Animation","8,2",29097,2021
Hellsing Ultimate,"Action, Animation, Fantasy","8,2",28999,2006
Better Off Ted,"Comedy, Sci-Fi","8,2",27931,2009
The Midnight Gospel,"Adventure, Animation, Comedy","8,2",27780,2020
Dave,"Comedy, Music","8,2",27014,2020
Gavin & Stacey,"Comedy, Drama, Romance","8,2",26806,2007
Kim's Convenience,Comedy,"8,2",26439,2016
Descendants of the Sun,"Action, Comedy, Drama","8,2",25608,2016
Trigun,"Action, Adventure, Animation","8,2",25434,1998
Conan,"Comedy, Music, Talk-Show","8,2",25319,2010
Undone,"Animation, Drama, Fantasy","8,2",25131,2019
Catastrophe,Comedy,"8,2",24866,2015
Dororo,"Action, Adventure, Animation","8,2",24660,2019
Friday Night Dinner,Comedy,"8,2",24167,2011
The Get Down,"Drama, Music, Musical","8,2",24143,2016
Hustle,"Crime, Drama, Mystery","8,2",24031,2004
Caliphate,"Crime, Drama, Thriller","8,2",23645,2020
Vera,"Crime, Drama, Mystery","8,2",22775,2011
Looking,"Comedy, Drama, Romance","8,2",22570,2014
Breathe,"Crime, Drama, Thriller","8,2",22389,2018
Absolutely Fabulous,Comedy,"8,2",22386,1992
Queen of Tears,"Comedy, Drama, Romance","8,2",21235,2024
The 10th Kingdom,"Adventure, Comedy, Family","8,2",21179,2000
The Kingdom,"Comedy, Drama, Fantasy","8,2",20999,1994
Genius,"Biography, Drama, History","8,2",20682,2017
Apharan,"Crime, Thriller","8,2",20454,2018
Scooby-Doo! Mystery Incorporated,"Adventure, Animation, Comedy","8,2",20273,2010
Patriot,"Comedy, Drama, Thriller","8,2",19661,2015
Late Night with Conan O'Brien,"Comedy, Music, Talk-Show","8,2",19417,1993
Murdoch Mysteries,"Crime, Drama, Mystery","8,2",19137,2008
Miss Fisher's Murder Mysteries,"Crime, Drama, History","8,2",18479,2012
Shaun the Sheep,"Animation, Comedy, Family","8,2",18394,2007
Miranda,Comedy,"8,2",18076,2009
My Love from Another Star,"Comedy, Drama, Fantasy","8,2",18065,2013
Senna,"Biography, Drama, Sport","8,2",17363,2024
Farscape: The Peacekeeper Wars,"Action, Adventure, Drama","8,2",17179,2004
The Young Ones,Comedy,"8,2",17159,1982
Are You Afraid of the Dark?,"Drama, Fantasy, Horror","8,2",16977,1990
Inspector Lewis,"Crime, Drama, Mystery","8,2",16776,2006
Wolf Hall,"Biography, Drama, History","8,2",16731,2015
Gentleman Jack,"Biography, Drama, History","8,2",16726,2019
Wolf Hall: The Mirror and the Light,"Biography, Drama, History","8,2",16647,2024
Fate/Zero,"Action, Adventure, Animation","8,2",15977,2011
Somebody Somewhere,"Comedy, Drama","8,2",15881,2022
Clannad,"Animation, Comedy, Drama","8,2",15751,2007
The Durrells,"Biography, Comedy, Drama","8,2",15611,2016
Inspector Morse,"Crime, Drama, Mystery","8,2",15204,1987
Fellow Travelers,"Drama, Romance","8,2",15176,2023
Exit,"Crime, Drama, Thriller","8,2",15117,2019
Made in Heaven,"Drama, Romance","8,2",14889,2019
Get Smart,"Action, Adventure, Comedy","8,2",14529,1965
Taarak Mehta Ka Ooltah Chashmah,"Comedy, Drama, Family","8,2",13986,2008
In Living Color,"Comedy, Music","8,2",13632,1990
Kuroko's Basketball,"Animation, Comedy, Sport","8,2",13536,2012
Baccano!,"Action, Adventure, Animation","8,2",13184,2007
Puella Magi Madoka Magica,"Action, Adventure, Animation","8,2",12556,2011
Our Beloved Summer,"Drama, Romance","8,2",12302,2021
Law of the Lawless,"Action, Crime, Drama","8,2",12254,2002
Penn & Teller: Bullshit!,"Comedy, Documentary","8,2",12006,2003
The Rockford Files,"Crime, Drama, Mystery","8,2",11852,1974
20 Dakika,"Action, Drama, Romance","8,2",11725,2013
Say Nothing,"Drama, History, Thriller","8,2",11635,2024
Home Movies,"Animation, Comedy, Drama","8,2",11490,1999
Yuri!!! On Ice,"Animation, Comedy, Drama","8,2",11416,2016
Toast of London,Comedy,"8,2",11372,2012
Hill Street Blues,"Crime, Drama, Mystery","8,2",11239,1981
Little Dorrit,"Drama, Mystery, Romance","8,2",11061,2008
86,"Action, Animation, Drama","8,2",10872,2021
D.P.,"Action, Crime, Drama","8,2",10752,2021
For My Son,"Crime, Drama","8,2",10681,2015
The Guild,"Comedy, Short","8,2",10652,2007
Feels Like Home,Comedy,"8,2",10578,2022
Would I Lie to You?,"Comedy, Game-Show","8,2",10396,2007
4 Blocks,"Crime, Drama","8,2",10186,2017
Wire in the Blood,"Crime, Drama, Mystery","8,2",10131,2002
The Walking Dead,"Drama, Horror, Thriller","8,1",1141610,2010
The Big Bang Theory,"Comedy, Romance","8,1",907854,2007
Family Guy,"Animation, Comedy","8,1",377370,1999
Criminal Minds,"Crime, Drama, Mystery","8,1",230270,2005
That '70s Show,"Comedy, Drama, Romance","8,1",194593,1998
Only Murders in the Building,"Comedy, Crime, Drama","8,1",185899,2021
Silo,"Drama, Mystery, Sci-Fi","8,1",184693,2023
Castle,"Comedy, Crime, Drama","8,1",181072,2009
How to Get Away with Murder,"Crime, Drama, Mystery","8,1",173571,2014
Killing Eve,"Action, Adventure, Drama","8,1",146410,2018
Law & Order: Special Victims Unit,"Crime, Drama, Mystery","8,1",136427,1999
The Fall,"Crime, Drama, Thriller","8,1",126185,2013
Black Bird,"Biography, Crime, Drama","8,1",125260,2022
Bates Motel,"Drama, Horror, Mystery","8,1",121707,2013
Married... with Children,Comedy,"8,1",114890,1987
11.22.63,"Drama, Mystery, Romance","8,1",109350,2016
Legion,"Action, Drama, Sci-Fi","8,1",100746,2017
Shrinking,"Comedy, Drama","8,1",100135,2023
Monk,"Comedy, Crime, Drama","8,1",98511,2002
The Day of the Jackal,"Action, Crime, Drama","8,1",97705,2024
The Tudors,"Drama, History, Romance","8,1",84481,2007
For All Mankind,"Drama, Sci-Fi","8,1",79375,2019
Resident Alien,"Comedy, Drama, Mystery","8,1",74900,2021
Star Trek: Deep Space Nine,"Action, Adventure, Drama","8,1",74203,1993
Stargate: Atlantis,"Action, Adventure, Drama","8,1",73814,2004
Manhunt,"Biography, Crime, Drama","8,1",65617,2017
Star Wars: Rebels,"Action, Adventure, Animation","8,1",63607,2014
Phineas and Ferb,"Action, Adventure, Animation","8,1",62141,2007
Ripley,"Crime, Drama, Thriller","8,1",61046,2024
Dirk Gently's Holistic Detective Agency,"Action, Adventure, Comedy","8,1",60250,2016
Goliath,Drama,"8,1",59761,2016
One Day,"Comedy, Drama, Romance","8,1",59597,2024
The Great,"Biography, Comedy, Drama","8,1",59420,2020
Workaholics,Comedy,"8,1",57779,2011
The Righteous Gemstones,"Comedy, Drama","8,1",56658,2019
Power,"Crime, Drama","8,1",55787,2014
Taaza Khabar,"Action, Comedy, Drama","8,1",55691,2023
The Promised Neverland,"Action, Adventure, Animation","8,1",52878,2019
Tokyo Vice,"Crime, Drama, Thriller","8,1",52823,2022
Chicago P.D.,"Action, Crime, Drama","8,1",49064,2014
Boy Meets World,"Comedy, Drama, Family","8,1",48272,1993
Dead Like Me,"Comedy, Drama, Fantasy","8,1",45059,2003
Happy!,"Action, Comedy, Crime","8,1",44653,2017
Raising Hope,"Comedy, Family","8,1",42152,2010
The Gilded Age,Drama,"8,1",42002,2022
Daisy Jones & The Six,"Drama, Music, Romance","8,1",41772,2023
Star Wars: Tales of the Jedi,"Action, Adventure, Animation","8,1",40325,2022
Beckham,"Biography, Documentary, Sport","8,1",38744,2023
The Glory,"Drama, Mystery, Thriller","8,1",37152,2022
Wild Wild Country,"Crime, Documentary","8,1",36981,2018
Derek,"Comedy, Drama","8,1",36721,2012
Dr. Stone,"Action, Adventure, Animation","8,1",34687,2019
Strike Back,"Action, Drama, Thriller","8,1",34534,2010
American Vandal,"Comedy, Crime, Drama","8,1",34121,2017
The Lost Room,"Action, Fantasy, Mystery","8,1",34014,2006
Business Proposal,"Comedy, Drama, Romance","8,1",33803,2022
The Deuce,"Crime, Drama, Mystery","8,1",33584,2017
Re: Zero - Starting Life in Another World,"Adventure, Animation, Drama","8,1",33481,2016
Damages,"Crime, Drama, Mystery","8,1",32305,2007
Batman Beyond,"Action, Adventure, Animation","8,1",31886,1999
The Missing,"Crime, Drama, Mystery","8,1",31559,2014
ZeroZeroZero,"Crime, Drama, Thriller","8,1",31240,2019
The Frog,"Crime, Drama, Mystery","8,1",30895,2020
Angels in America,"Drama, Fantasy, Romance","8,1",30775,2003
You're the Worst,"Comedy, Drama, Romance","8,1",29189,2014
Cunk on Earth,Comedy,"8,1",28886,2022
Daria,"Animation, Comedy, Drama","8,1",28294,1997
War & Peace,"Drama, History, Romance","8,1",28192,2016
Vis a vis,"Drama, Thriller","8,1",27855,2015
I May Destroy You,Drama,"8,1",27347,2020
Mozart in the Jungle,"Comedy, Drama, Music","8,1",26549,2014
Blue Lock,"Animation, Sport, Thriller","8,1",25390,2022
I Know This Much Is True,Drama,"8,1",25270,2020
TURN: Washington's Spies,"Drama, History, War","8,1",24261,2014
Psycho-Pass,"Action, Animation, Crime","8,1",24222,2012
The Valley of the Wolves,"Action, Crime, Drama","8,1",23985,2003
The Unit,"Action, Drama, Thriller","8,1",23947,2006
Insecure,"Comedy, Drama, Romance","8,1",23746,2016
Man vs. Wild,"Adventure, Reality-TV","8,1",23594,2006
Godfather of Harlem,"Crime, Drama","8,1",23511,2019
Ripper Street,"Crime, Drama, Mystery","8,1",23382,2012
Itaewon Class,"Drama, Romance","8,1",22767,2020
Insider,"Action, Crime, Drama","8,1",22423,2016
Leverage: Redemption,"Crime, Mystery, Thriller","8,1",21360,2021
She-Ra and the Princesses of Power,"Action, Adventure, Animation","8,1",20870,2018
FLCL,"Action, Animation, Comedy","8,1",20842,2000
Criminal Justice,"Crime, Drama, Mystery","8,1",20722,2019
Strong Girl Bong-soon,"Comedy, Crime, Drama","8,1",20679,2017
Hell's Paradise: Jigokuraku,"Action, Adventure, Animation","8,1",20369,2023
That Time I Got Reincarnated as a Slime,"Action, Adventure, Animation","8,1",19670,2018
One Day at a Time,"Comedy, Drama","8,1",19176,2017
Superman: The Animated Series,"Action, Adventure, Animation","8,1",18696,1996
Boss,"Crime, Drama","8,1",18675,2011
Zoey's Extraordinary Playlist,"Comedy, Drama, Musical","8,1",18630,2020
Emma,"Comedy, Drama, Romance","8,1",18617,2009
Bloodhounds,"Action, Crime, Drama","8,1",18568,2023
The King: Eternal Monarch,"Fantasy, Mystery, Romance","8,1",18147,2020
Shogun,"Adventure, Drama, History","8,1",17216,1980
Pluto,"Action, Animation, Drama","8,1",17177,2023
Anohana: The Flower We Saw That Day,"Adventure, Animation, Drama","8,1",17155,2011
Galavant,"Adventure, Comedy, Fantasy","8,1",17089,2015
Blue Lights,"Crime, Drama, Thriller","8,1",16683,2023
The Big C,"Comedy, Drama","8,1",16478,2010
Sesame Street,"Adventure, Animation, Comedy","8,1",16268,1969
Hotel Del Luna,"Action, Comedy, Drama","8,1",16016,2019
PEN15,"Comedy, Drama","8,1",15245,2019
Ludwig,"Comedy, Crime, Drama","8,1",15225,2024
Snowdrop,"Crime, Drama, Romance","8,1",14718,2021
The Trials of Gabriel Fernandez,"Crime, Documentary","8,1",14676,2020
Legend of the Blue Sea,"Comedy, Drama, Fantasy","8,1",14593,2016
The Black Donnellys,"Crime, Drama","8,1",14536,2007
Helluva Boss,"Action, Animation, Comedy","8,1",14155,2019
Colin from Accounts,"Comedy, Drama, Romance","8,1",13742,2022
Vagabond,"Action, Mystery, Thriller","8,1",13313,2019
Cat,"Crime, Drama, Thriller","8,1",13304,2022
Khakee: The Bihar Chapter,"Action, Crime, Drama","8,1",13284,2022
Outnumbered,"Comedy, Drama","8,1",13053,2007
Ouran High School Host Club,"Animation, Comedy, Romance","8,1",12711,2006
"North & South: Book 1, North & South","Drama, History, Romance","8,1",12499,1985
Maestro,"Crime, Drama, Mystery","8,1",12490,2022
Ashes to Ashes,"Crime, Drama, Fantasy","8,1",11681,2008
High Maintenance,"Comedy, Drama","8,1",11306,2016
Tacoma FD,Comedy,"8,1",11170,2019
Fight for My Way,"Comedy, Romance","8,1",11126,2017
Power Book IV: Force,"Crime, Drama","8,1",10862,2022
Suzhal - The Vortex,"Crime, Drama, Thriller","8,1",10714,2022
Gönülçelen,"Drama, Music","8,1",10690,2010
Rita,"Comedy, Drama","8,1",10560,2012
Dirty Money,"Crime, Documentary","8,1",10517,2018
Vicious,Comedy,"8,1",10451,2013
Banana Fish,"Action, Adventure, Animation","8,1",10233,2018
Kenny vs. Spenny,"Comedy, Game-Show, Reality-TV","8,1",10100,2002
Squid Game,"Action, Drama, Mystery",8,663064,2021
Wednesday,"Comedy, Crime, Fantasy",8,416226,2022
Lucifer,"Crime, Drama, Fantasy",8,375571,2016
Orange Is the New Black,"Comedy, Crime, Drama",8,328916,2013
The White Lotus,"Comedy, Drama",8,276344,2021
Reacher,"Action, Crime, Drama",8,264163,2022
The End of the F***ing World,"Adventure, Comedy, Crime",8,235262,2017
Tom Clancy's Jack Ryan,"Action, Drama, Thriller",8,184946,2018
The Gentlemen,"Action, Comedy, Crime",8,162070,2024
Bodyguard,"Crime, Drama, Thriller",8,160785,2018
Beef,"Comedy, Drama",8,151600,2023
Lie to Me,"Crime, Drama, Mystery",8,131741,2009
Sharp Objects,"Crime, Drama, Mystery",8,129200,2018
The Good Doctor,Drama,8,122849,2017
Dexter: New Blood,"Crime, Drama, Mystery",8,120819,2021
Good Omens,"Comedy, Drama, Fantasy",8,118917,2019
The Night Manager,"Crime, Drama, Mystery",8,110802,2016
The Orville,"Adventure, Comedy, Drama",8,105067,2017
The Rookie,"Action, Crime, Drama",8,98230,2018
Tulsa King,"Crime, Drama",8,98189,2022
Unorthodox,Drama,8,96445,2020
Burn Notice,"Action, Crime, Drama",8,81124,2007
The Diplomat,"Drama, Thriller",8,80250,2023
Paranormal,"Drama, Fantasy, Horror",8,75137,2020
Travelers,"Drama, Mystery, Sci-Fi",8,68872,2016
American Primeval,"Action, Drama, Thriller",8,68846,2025
Chicago Fire,"Action, Drama",8,68817,2012
Don't F**k with Cats: Hunting an Internet Killer,"Crime, Documentary, Mystery",8,66106,2019
Cheers,"Comedy, Drama",8,65095,1982
Saturday Night Live,"Comedy, Music",8,55609,1975
GLOW,"Comedy, Drama, Sport",8,52746,2017
Gangs of London,"Action, Crime, Drama",8,48458,2020
Rise of Empires: Ottoman,"Documentary, Drama, History",8,43076,2020
F Is for Family,"Animation, Comedy, Drama",8,42918,2015
The Goldbergs,Comedy,8,42687,2013
Blackadder,Comedy,8,42535,1982
Sneaky Pete,"Comedy, Crime, Drama",8,42503,2015
The Mechanism,"Crime, Drama, Thriller",8,36956,2018
DuckTales,"Action, Adventure, Animation",8,36427,1987
Queen of the South,"Action, Crime, Drama",8,36255,2016
Vice Principals,Comedy,8,35175,2016
The Pillars of the Earth,"Drama, Romance, Thriller",8,34462,2010
Patrick Melrose,Drama,8,34079,2018
Counterpart,"Drama, Sci-Fi, Thriller",8,32835,2017
Scenes from a Marriage,Drama,8,31759,2021
Young Rock,"Biography, Comedy",8,30719,2021
Tales from the Crypt,"Comedy, Crime, Fantasy",8,28435,1989
The Capture,"Crime, Mystery, Thriller",8,26389,2019
The Keepers,"Crime, Documentary, Mystery",8,26337,2017
Trapped,"Crime, Drama, Mystery",8,26012,2015
United States of Tara,"Comedy, Drama, Romance",8,25856,2009
The Transformers,"Action, Adventure, Animation",8,24591,1984
Reno 911!,"Comedy, Crime",8,24312,2003
I Think You Should Leave with Tim Robinson,Comedy,8,23795,2019
Lovesick,Comedy,8,23478,2014
"Love, Victor","Comedy, Drama, Romance",8,23404,2020
Arnold,"Biography, Documentary",8,23248,2023
The Addams Family,"Comedy, Family, Horror",8,22900,1964
Assasination Classroom,"Animation, Comedy, Family",8,22662,2015
What's Wrong with Secretary Kim,"Comedy, Mystery, Romance",8,22243,2018
The Returned,"Drama, Fantasy, Horror",8,21776,2012
Kidding,"Comedy, Drama",8,20836,2018
Rascal Does Not Dream of Bunny Girl Senpai,"Animation, Drama, Fantasy",8,20488,2018
True Beauty,"Comedy, Drama, Romance",8,20229,2020
The New Pope,Drama,8,19777,2020
Shameless,"Comedy, Crime, Drama",8,19732,2004
Serial Experiments Lain,"Animation, Drama, Horror",8,19693,1998
Horimiya,"Animation, Comedy, Drama",8,19514,2021
Gargoyles,"Action, Adventure, Animation",8,19447,1994
Da Ali G Show,Comedy,8,18696,2000
The Looming Tower,"Drama, History",8,18520,2018
Life in Pieces,Comedy,8,18206,2015
NewsRadio,"Comedy, Romance",8,18120,1995
Ramy,"Comedy, Drama, Romance",8,17353,2019
Kin,"Crime, Drama",8,17307,2021
Start-Up,"Comedy, Drama, Romance",8,17050,2020
Brave and Beautiful,"Drama, Romance",8,16814,2016
The Vicar of Dibley,Comedy,8,16326,1994
Claymore,"Action, Adventure, Animation",8,16180,2007
W,"Action, Comedy, Drama",8,16156,2016
Looking for Alaska,"Drama, Romance",8,15637,2019
Deutschland 83,"Drama, Romance, Thriller",8,15602,2015
Paranoia Agent,"Animation, Drama, Horror",8,15480,2004
Tomorrow,"Action, Comedy, Drama",8,14907,2022
Quarry,"Crime, Drama, Thriller",8,14902,2016
Karm Yuddh,Drama,8,14885,2022
Drops of God,Drama,8,14747,2023
Candy,Thriller,8,14740,2021
The Artful Dodger,"Crime, Drama, History",8,14594,2023
Jonathan Strange & Mr Norrell,"Fantasy, War",8,14512,2015
Trying,"Comedy, Drama, Romance",8,14092,2020
The Studio,"Comedy, Drama",8,13952,2025
Code Black,Drama,8,13905,2015
Comedians in Cars Getting Coffee,"Comedy, Family, Talk-Show",8,13902,2012
Food Wars: Shokugeki no Soma,"Animation, Comedy, Drama",8,13800,2015
Abhay,"Crime, Thriller",8,13711,2019
Sense & Sensibility,"Drama, Romance",8,13572,2008
The Uncanny Counter,"Action, Fantasy, Horror",8,13413,2020
Dorohedoro,"Action, Animation, Comedy",8,13341,2020
The Tattooist of Auschwitz,"Drama, History, Romance",8,12557,2024
Wolverine and the X-Men,"Action, Adventure, Animation",8,12505,2008
BrainDead,"Comedy, Drama, Horror",8,12487,2016
Shahrzad,"Drama, History, Romance",8,12417,2015
"Harvey Birdman, Attorney at Law","Animation, Comedy, Sci-Fi",8,12406,2000
Good Behavior,"Crime, Drama, Mystery",8,12344,2016
The Billion Dollar Code,"Biography, Crime, Drama",8,12205,2021
The Hour,Drama,8,12144,2011
The Great Weddings of Munnes,"Comedy, Drama",8,12105,2022
The Hitch Hiker's Guide to the Galaxy,"Adventure, Comedy, Sci-Fi",8,12083,1981
Third Watch,"Action, Crime, Drama",8,11987,1999
WKRP in Cincinnati,Comedy,8,11935,1978
Jeen-yuhs: A Kanye Trilogy,"Documentary, Music",8,11858,2022
Scott & Bailey,"Crime, Drama, Mystery",8,11727,2011
Pagan Peak,"Crime, Drama, Mystery",8,11558,2018
Kaala Paani,"Drama, Thriller",8,11229,2023
Maamla Legal Hai,"Comedy, Drama",8,11174,2024
Heels,"Drama, Sport",8,10882,2021
Spawn,"Action, Adventure, Animation",8,10865,1997
Delicious in Dungeon,"Adventure, Animation, Comedy",8,10625,2024
Voltron: Legendary Defender,"Action, Adventure, Animation",8,10358,2016
Explained,Documentary,8,10193,2018
Something in the Rain,"Drama, Romance",8,10027,2018
The Witcher,"Action, Adventure, Drama","7,9",595483,2019
WandaVision,"Action, Comedy, Drama","7,9",395892,2021
American Horror Story,"Drama, Horror, Sci-Fi","7,9",354588,2011
The Blacklist,"Crime, Drama, Mystery","7,9",290196,2013
True Blood,"Drama, Fantasy, Mystery","7,9",266026,2008
Altered Carbon,"Action, Adventure, Drama","7,9",196640,2018
The Fresh Prince of Bel-Air,Comedy,"7,9",149188,1990
Grimm,"Crime, Drama, Fantasy","7,9",135872,2011
The Fall of the House of Usher,"Drama, Horror, Mystery","7,9",125661,2023
Elementary,"Crime, Drama, Mystery","7,9",123288,2012
Weeds,"Comedy, Crime, Drama","7,9",119735,2005
The Man in the High Castle,"Drama, Sci-Fi, Thriller","7,9",117253,2015
The Terminal List,"Action, Drama, Thriller","7,9",114870,2022
Dead to Me,"Comedy, Crime, Drama","7,9",105883,2019
Merlin,"Adventure, Drama, Fantasy","7,9",90318,2008
